ApplicantIncome,CoapplicantIncome,LoanAmount,Credit_History,Employment_Status,Loan_Status
8770,0,156,1,Employed,Y
7234,0,124,0,Employed,Y
9822,0,51,1,Self-Employed,Y
8449,2933,237,0,Employed,Y
6055,3885,138,0,Unemployed,Y
4058,2547,237,1,Unemployed,Y
1689,3234,100,1,Unemployed,Y
2767,0,100,0,Employed,Y
6893,0,109,1,Self-Employed,Y
9013,3112,133,1,Unemployed,Y
8599,1978,57,0,Unemployed,Y
4652,2455,153,1,Self-Employed,Y
2521,3961,155,1,Self-Employed,Y
8373,661,239,1,Self-Employed,Y
9129,4298,239,1,Employed,Y
8363,0,102,1,Self-Employed,Y
6359,0,90,0,Unemployed,Y
1564,3068,178,1,Unemployed,Y
6758,0,212,0,Unemployed,Y
7392,0,90,1,Unemployed,Y
9892,3604,200,1,Employed,Y
4231,0,84,0,Unemployed,Y
9610,0,54,1,Unemployed,Y
8410,0,76,0,Unemployed,Y
6634,0,112,1,Unemployed,Y
8908,0,145,1,Self-Employed,Y
9074,0,78,1,Employed,Y
4657,3125,94,1,Employed,Y
4193,4127,79,1,Unemployed,Y
3163,0,141,0,Unemployed,Y
8892,1806,170,1,Employed,Y
7364,0,247,1,Unemployed,Y
5913,0,100,1,Unemployed,Y
9494,3945,145,1,Employed,Y
5263,0,235,1,Self-Employed,Y
9054,0,233,0,Unemployed,Y
6237,0,178,0,Self-Employed,Y
6749,2207,209,1,Unemployed,Y
6431,0,233,0,Employed,Y
5889,0,165,1,Self-Employed,Y
8625,0,193,0,Employed,Y
5782,3897,142,0,Unemployed,Y
8046,0,196,1,Unemployed,Y
3343,0,217,1,Unemployed,Y
3885,0,60,1,Employed,Y
8116,4561,148,0,Self-Employed,Y
3549,0,86,1,Unemployed,Y
8658,0,148,0,Unemployed,Y
5999,0,201,1,Unemployed,Y
3148,1945,133,1,Unemployed,Y
4057,0,142,1,Self-Employed,Y
5933,4277,212,1,Employed,Y
9852,0,97,1,Unemployed,Y
2718,4996,82,1,Unemployed,Y
9550,3946,207,1,Self-Employed,Y
4936,1062,57,0,Unemployed,Y
1725,0,246,1,Employed,Y
9183,3620,66,1,Self-Employed,Y
2569,3944,148,1,Employed,Y
2560,0,95,0,Unemployed,Y
4670,0,165,0,Employed,Y
2480,0,210,1,Unemployed,Y
9819,0,103,1,Unemployed,Y
3395,3233,163,1,Unemployed,Y
3186,0,204,1,Self-Employed,Y
2284,0,186,0,Self-Employed,Y
8843,3306,148,1,Employed,Y
8471,0,85,0,Employed,Y
8155,4995,164,0,Unemployed,Y
7419,0,135,0,Employed,Y
5269,1074,174,1,Self-Employed,Y
9009,2215,119,0,Self-Employed,Y
3991,0,57,0,Employed,Y
6722,1376,165,1,Unemployed,Y
8466,4864,173,1,Self-Employed,Y
6252,0,68,1,Self-Employed,Y
9808,0,186,1,Employed,Y
3164,1581,50,0,Self-Employed,Y
9305,0,166,0,Employed,Y
5570,0,71,0,Unemployed,Y
9630,3647,193,0,Employed,Y
8753,0,118,0,Employed,Y
3641,0,193,1,Self-Employed,Y
3979,0,150,0,Self-Employed,Y
8165,3349,187,1,Unemployed,Y
3989,0,118,0,Unemployed,Y
7803,4046,201,1,Self-Employed,Y
3927,0,238,0,Unemployed,Y
7232,0,93,0,Employed,Y
5607,3873,84,0,Employed,Y
8248,2125,211,0,Employed,Y
5474,3767,163,0,Unemployed,Y
1912,0,213,1,Employed,Y
4004,3467,226,0,Self-Employed,Y
6604,2643,200,1,Employed,Y
4940,0,72,0,Unemployed,Y
6468,4452,133,1,Employed,Y
2865,0,68,0,Employed,Y
8900,0,248,1,Self-Employed,Y
4282,0,193,0,Employed,Y
8766,0,229,0,Employed,Y
9151,0,193,0,Unemployed,Y
3656,3482,171,0,Unemployed,Y
6834,0,124,1,Unemployed,Y
8231,1453,194,0,Self-Employed,Y
3042,1691,186,1,Unemployed,Y
4181,0,78,0,Self-Employed,Y
2865,0,120,0,Employed,Y
4641,0,238,1,Self-Employed,Y
5686,1213,68,0,Self-Employed,Y
5768,1743,107,1,Employed,Y
4572,2496,239,0,Unemployed,Y
3031,0,105,0,Self-Employed,Y
1633,2605,222,1,Employed,Y
3352,4675,213,0,Unemployed,Y
7690,0,63,0,Unemployed,Y
5084,1896,167,0,Unemployed,Y
9620,1853,65,1,Self-Employed,Y
9075,0,57,1,Self-Employed,Y
5219,3245,227,1,Employed,Y
6335,0,240,0,Employed,Y
7632,3008,206,0,Self-Employed,Y
9214,3824,131,0,Employed,Y
3338,2444,59,1,Self-Employed,Y
8909,0,167,0,Self-Employed,Y
9915,0,135,0,Unemployed,Y
6284,4500,154,0,Unemployed,Y
1884,904,104,1,Employed,Y
7489,0,102,0,Self-Employed,Y
5678,0,222,0,Self-Employed,Y
6044,2323,141,0,Unemployed,Y
1749,1173,167,0,Unemployed,Y
5863,2484,182,1,Self-Employed,Y
6358,0,161,0,Unemployed,Y
2752,4481,124,0,Unemployed,Y
8381,1829,131,1,Unemployed,Y
8502,0,101,0,Self-Employed,Y
9148,1858,79,0,Self-Employed,Y
9230,0,78,1,Self-Employed,Y
7827,3972,66,1,Employed,Y
9441,4800,92,1,Unemployed,Y
3406,0,232,1,Unemployed,Y
7590,3945,57,1,Employed,Y
3387,0,142,1,Self-Employed,Y
8277,0,70,0,Self-Employed,Y
6277,4400,198,1,Employed,Y
7876,1023,95,1,Employed,Y
8740,0,170,1,Unemployed,Y
7993,0,97,0,Employed,Y
2776,0,176,1,Self-Employed,Y
9650,2625,179,0,Self-Employed,Y
6121,0,156,0,Employed,Y
4845,0,241,0,Unemployed,Y
2562,0,135,1,Self-Employed,Y
6132,4096,74,1,Self-Employed,Y
9758,0,195,0,Unemployed,Y
9443,0,132,1,Employed,Y
4239,0,233,0,Employed,Y
5312,0,230,1,Employed,Y
3233,0,161,1,Self-Employed,Y
8486,4017,143,0,Unemployed,Y
9934,3090,85,1,Unemployed,Y
1505,967,124,1,Unemployed,Y
1617,3428,228,1,Employed,Y
5789,0,185,1,Unemployed,Y
7816,1641,68,1,Employed,Y
5708,2548,191,1,Self-Employed,Y
3328,0,149,0,Unemployed,Y
5244,1401,59,0,Unemployed,Y
3719,2560,179,1,Employed,Y
2842,0,58,0,Unemployed,Y
4990,0,98,0,Self-Employed,Y
1735,2469,166,1,Unemployed,Y
6756,0,84,0,Self-Employed,Y
7451,0,63,1,Self-Employed,Y
6320,0,127,1,Self-Employed,Y
5727,0,91,0,Self-Employed,Y
8443,0,215,0,Unemployed,Y
6170,0,202,0,Employed,Y
5533,0,153,1,Unemployed,Y
3470,697,116,0,Unemployed,Y
9635,2535,204,1,Employed,Y
2620,0,204,0,Employed,Y
6873,2743,115,1,Employed,Y
3365,3412,87,0,Unemployed,Y
7871,3728,54,0,Unemployed,Y
3871,0,179,0,Unemployed,Y
4174,2455,75,0,Unemployed,Y
3616,4606,123,1,Self-Employed,Y
7666,1314,95,0,Self-Employed,Y
9283,3505,160,1,Unemployed,Y
5031,4951,117,0,Employed,Y
7459,626,141,0,Self-Employed,Y
7524,0,89,0,Self-Employed,Y
3292,0,198,1,Self-Employed,Y
4530,0,112,1,Unemployed,Y
8014,0,102,0,Self-Employed,Y
5007,4712,218,0,Unemployed,Y
2036,0,87,1,Unemployed,Y
7990,4100,220,0,Unemployed,Y
2705,0,229,1,Employed,Y
7475,0,199,1,Self-Employed,Y
7088,0,130,1,Employed,Y
2188,4743,135,1,Unemployed,Y
8204,0,190,1,Unemployed,Y
3982,0,111,1,Self-Employed,Y
6024,2000,193,1,Unemployed,Y
3565,1268,164,0,Self-Employed,Y
8145,2661,215,0,Unemployed,Y
7516,0,104,0,Unemployed,Y
6373,0,159,1,Employed,Y
1554,2323,184,0,Employed,Y
7454,0,121,1,Employed,Y
4810,0,100,0,Unemployed,Y
9470,2643,127,1,Self-Employed,Y
4038,4483,214,1,Employed,Y
6505,1322,56,1,Unemployed,Y
3698,0,161,0,Unemployed,Y
2808,4677,178,0,Employed,Y
7535,4094,179,0,Unemployed,Y
5991,0,86,1,Self-Employed,Y
8583,4077,157,1,Employed,Y
4179,2606,177,1,Employed,Y
4686,3780,58,1,Self-Employed,Y
9928,0,71,0,Self-Employed,Y
3551,0,158,1,Unemployed,Y
1574,0,91,1,Employed,Y
8684,0,155,1,Employed,Y
3574,0,217,1,Employed,Y
7636,954,222,0,Self-Employed,Y
4528,3181,113,1,Self-Employed,Y
2886,0,230,1,Unemployed,Y
5624,0,89,0,Employed,Y
9878,3354,103,1,Unemployed,Y
8266,3211,199,0,Employed,Y
9215,1250,130,1,Unemployed,Y
7622,0,203,1,Employed,Y
3620,0,178,0,Employed,Y
3139,0,84,0,Self-Employed,Y
2752,4703,228,1,Self-Employed,Y
8509,0,93,0,Unemployed,Y
8460,0,123,0,Unemployed,Y
9482,4607,129,1,Unemployed,Y
7395,0,130,0,Employed,Y
3921,1209,74,1,Employed,Y
6887,0,203,0,Employed,Y
9738,3859,65,0,Employed,Y
7413,3657,184,1,Unemployed,Y
9186,0,225,1,Self-Employed,Y
3000,3794,165,0,Unemployed,Y
5997,1966,152,0,Self-Employed,Y
4723,3167,94,1,Unemployed,Y
4483,0,157,0,Unemployed,Y
8140,0,202,0,Self-Employed,Y
4741,1045,62,0,Self-Employed,Y
5310,1313,78,1,Employed,Y
9936,771,170,1,Self-Employed,Y
2420,3930,182,0,Self-Employed,Y
5260,0,191,1,Self-Employed,Y
3533,645,86,0,Employed,Y
9673,0,98,0,Unemployed,Y
3328,0,220,1,Self-Employed,Y
2306,0,95,1,Unemployed,Y
3368,0,159,1,Unemployed,Y
2324,0,52,1,Self-Employed,Y
3296,0,226,0,Unemployed,Y
3413,0,212,1,Self-Employed,Y
8812,502,62,1,Employed,Y
6175,0,147,0,Employed,Y
8990,3182,78,0,Unemployed,Y
6516,1855,58,0,Employed,Y
2454,1483,87,1,Unemployed,Y
5472,1413,86,1,Employed,Y
5536,0,111,0,Unemployed,Y
4245,2091,147,1,Unemployed,Y
2812,1785,196,1,Employed,Y
3204,0,138,0,Self-Employed,Y
5786,4238,237,0,Employed,Y
2056,0,80,0,Self-Employed,Y
9061,0,230,1,Unemployed,Y
5498,2629,51,1,Employed,Y
1794,2485,62,1,Unemployed,Y
2636,2564,147,1,Employed,Y
2507,3014,248,1,Employed,Y
2935,0,86,0,Self-Employed,Y
8559,2387,117,0,Employed,Y
9573,0,71,1,Unemployed,Y
7853,2853,241,0,Employed,Y
6311,0,229,0,Unemployed,Y
9720,0,183,0,Unemployed,Y
4856,0,148,0,Employed,Y
1538,0,78,0,Unemployed,Y
8527,2323,224,1,Self-Employed,Y
7158,0,175,1,Employed,Y
5616,4526,55,0,Employed,Y
7126,4463,64,1,Employed,Y
4556,1292,61,1,Unemployed,Y
8135,0,121,1,Self-Employed,Y
2484,0,57,0,Unemployed,Y
5133,4944,221,0,Self-Employed,Y
4446,0,248,0,Self-Employed,Y
3375,0,215,1,Employed,Y
8599,616,137,1,Unemployed,Y
5288,3268,70,1,Self-Employed,Y
2889,0,215,1,Unemployed,Y
6920,0,151,0,Unemployed,Y
1713,4262,90,0,Employed,Y
4617,1091,135,1,Employed,Y
7547,4837,146,1,Employed,Y
3449,0,243,1,Unemployed,Y
1589,2209,192,1,Self-Employed,Y
3395,0,172,1,Employed,Y
8417,0,209,0,Self-Employed,Y
6883,4411,141,1,Self-Employed,Y
9942,0,133,1,Self-Employed,Y
1521,0,52,0,Employed,Y
9367,0,61,0,Employed,Y
3060,1766,196,0,Self-Employed,Y
4927,0,168,0,Unemployed,Y
1806,4165,195,0,Self-Employed,Y
6144,0,108,0,Self-Employed,Y
7736,0,125,0,Self-Employed,Y
1658,0,73,1,Employed,Y
4953,1455,99,0,Unemployed,Y
6203,0,147,1,Self-Employed,Y
2894,4781,174,1,Unemployed,Y
2029,0,192,0,Unemployed,Y
5091,2647,136,1,Self-Employed,Y
7977,0,86,0,Self-Employed,Y
6148,2865,109,0,Unemployed,Y
1513,0,133,1,Unemployed,Y
4716,0,77,1,Unemployed,Y
5856,0,217,1,Employed,Y
8562,0,188,1,Unemployed,Y
2129,769,142,1,Self-Employed,Y
4932,0,69,1,Unemployed,Y
8615,2860,167,1,Employed,Y
4678,0,214,0,Employed,Y
3703,0,183,1,Unemployed,Y
2456,2439,127,1,Employed,Y
1781,0,168,0,Self-Employed,Y
6678,0,61,1,Employed,Y
3789,0,92,1,Self-Employed,Y
8973,0,88,0,Unemployed,Y
8070,0,221,1,Unemployed,Y
8027,4903,227,1,Unemployed,Y
8675,0,178,0,Employed,Y
9019,2018,224,1,Employed,Y
6738,2974,207,1,Self-Employed,Y
9205,0,162,1,Unemployed,Y
5940,0,80,1,Self-Employed,Y
4624,0,154,1,Self-Employed,Y
4791,4533,241,1,Unemployed,Y
7204,0,138,1,Employed,Y
5328,0,117,1,Employed,Y
4673,2167,68,1,Self-Employed,Y
9261,0,132,0,Unemployed,Y
5212,1867,103,0,Employed,Y
4272,0,125,1,Unemployed,Y
3690,0,109,0,Employed,Y
2940,4900,84,1,Self-Employed,Y
8510,3515,123,1,Self-Employed,Y
7728,4365,97,1,Self-Employed,Y
2677,0,97,0,Unemployed,Y
9734,0,119,1,Self-Employed,Y
8070,0,200,0,Unemployed,Y
5931,0,173,0,Employed,Y
5646,4354,70,0,Self-Employed,Y
6382,1463,166,1,Self-Employed,Y
5110,0,205,0,Self-Employed,Y
7039,2181,226,0,Self-Employed,Y
5945,0,144,1,Self-Employed,Y
8552,0,105,0,Self-Employed,Y
7941,535,245,1,Unemployed,Y
6791,2208,96,0,Employed,Y
8785,1800,186,1,Employed,Y
1509,0,174,1,Employed,Y
4725,1816,99,1,Unemployed,Y
5183,0,195,0,Self-Employed,Y
4540,1962,118,0,Employed,Y
1982,3679,210,0,Employed,Y
4352,2966,248,1,Unemployed,Y
2600,940,202,1,Unemployed,Y
5858,0,91,1,Employed,Y
8102,3851,95,0,Self-Employed,Y
2625,3101,216,0,Self-Employed,Y
9343,572,146,0,Self-Employed,Y
3972,3546,62,0,Self-Employed,Y
6551,3064,76,1,Employed,Y
8897,2235,116,1,Employed,Y
8926,841,179,0,Self-Employed,Y
5374,0,79,1,Self-Employed,Y
4874,0,155,1,Self-Employed,Y
2132,2602,61,0,Unemployed,Y
3179,0,141,0,Self-Employed,Y
7599,4443,157,0,Employed,Y
1785,648,247,1,Self-Employed,Y
6395,1512,87,1,Self-Employed,Y
5225,0,134,1,Unemployed,Y
3996,0,203,1,Self-Employed,Y
5906,0,199,0,Unemployed,Y
5937,743,61,0,Employed,Y
7048,2326,207,1,Self-Employed,Y
4638,0,229,1,Employed,Y
9342,0,69,1,Self-Employed,Y
7156,0,103,0,Unemployed,Y
7401,1633,103,1,Employed,Y
4030,2460,74,0,Employed,Y
4029,3464,245,0,Unemployed,Y
8840,4723,141,0,Unemployed,Y
2345,4103,109,0,Self-Employed,Y
4219,0,179,1,Unemployed,Y
8110,2453,138,1,Self-Employed,Y
5350,0,208,1,Unemployed,Y
6578,0,148,0,Employed,Y
2679,4785,164,0,Employed,Y
3138,0,173,1,Employed,Y
1919,4719,227,0,Employed,Y
9370,0,56,0,Self-Employed,Y
3049,0,135,0,Self-Employed,Y
5981,2793,128,0,Self-Employed,Y
9138,0,62,0,Self-Employed,Y
9933,0,222,1,Employed,Y
6092,0,198,1,Unemployed,Y
9461,3057,83,1,Self-Employed,Y
6339,4304,206,1,Self-Employed,Y
7664,0,154,1,Employed,Y
4691,0,178,1,Employed,Y
8677,741,237,1,Employed,Y
8951,0,83,1,Unemployed,Y
8369,0,128,0,Unemployed,Y
8840,2648,126,1,Employed,Y
4956,4006,201,0,Employed,Y
1647,4827,208,1,Unemployed,Y
6031,0,184,0,Unemployed,Y
7993,2537,57,1,Self-Employed,Y
8011,0,185,1,Employed,Y
3876,0,227,0,Employed,Y
3327,0,218,0,Self-Employed,Y
5785,869,198,1,Unemployed,Y
7107,1269,62,0,Unemployed,Y
5483,1811,173,1,Unemployed,Y
2021,2820,195,0,Employed,Y
7284,4197,207,1,Employed,Y
2185,2660,198,0,Self-Employed,Y
6841,0,61,0,Unemployed,Y
9197,0,198,1,Self-Employed,Y
9027,0,135,1,Unemployed,Y
8503,0,51,0,Employed,Y
6058,782,144,0,Unemployed,Y
5683,960,220,0,Employed,Y
2876,0,240,1,Unemployed,Y
1522,2960,88,1,Unemployed,Y
8795,0,185,1,Self-Employed,Y
5227,0,242,1,Unemployed,Y
6843,2355,147,0,Employed,Y
4581,1928,95,0,Unemployed,Y
3659,3047,135,1,Self-Employed,Y
4583,2756,63,0,Self-Employed,Y
9104,3134,119,1,Unemployed,Y
2624,1197,160,0,Self-Employed,Y
2513,726,86,1,Employed,Y
3523,2952,87,1,Employed,Y
6536,0,120,1,Employed,Y
5086,4931,104,1,Self-Employed,Y
1661,0,208,1,Unemployed,Y
4890,0,125,1,Self-Employed,Y
6593,3474,241,0,Employed,Y
6969,0,232,0,Self-Employed,Y
2330,0,96,0,Employed,Y
2519,0,194,1,Unemployed,Y
3510,898,96,1,Unemployed,Y
4971,0,110,1,Self-Employed,Y
6568,4196,167,0,Self-Employed,Y
5420,0,196,1,Unemployed,Y
6517,0,198,1,Employed,Y
4831,0,73,0,Self-Employed,Y
2185,0,80,1,Employed,Y
8368,1931,155,1,Self-Employed,Y
6498,0,63,1,Self-Employed,Y
3514,0,119,1,Employed,Y
6847,0,133,1,Self-Employed,Y
2374,0,56,1,Unemployed,Y
2171,1671,192,1,Unemployed,Y
2949,4237,169,1,Self-Employed,Y
6932,4760,70,1,Employed,Y
5170,0,98,0,Unemployed,Y
7476,4979,238,0,Employed,Y
8845,1394,120,1,Unemployed,Y
3836,0,110,1,Self-Employed,Y
3590,0,66,1,Self-Employed,Y
3017,4793,114,1,Employed,Y
3037,3637,147,1,Unemployed,Y
5250,3657,137,0,Self-Employed,Y
6166,1110,112,0,Unemployed,Y
3824,0,117,1,Self-Employed,Y
7274,0,128,1,Self-Employed,Y
9048,3548,107,1,Self-Employed,Y
6476,0,180,1,Employed,Y
3077,0,55,0,Unemployed,Y
8244,2926,220,0,Employed,N
4051,4157,201,1,Employed,N
8739,2785,91,1,Self-Employed,N
4322,0,76,1,Unemployed,N
5635,3476,178,0,Employed,N
2187,0,53,1,Self-Employed,N
8009,0,81,0,Unemployed,N
8683,0,168,0,Employed,N
2169,4864,53,1,Self-Employed,N
3029,0,177,0,Employed,N
7774,2900,74,1,Self-Employed,N
9333,0,238,1,Employed,N
1764,1895,227,1,Unemployed,N
9044,3490,157,0,Employed,N
2087,2321,70,1,Self-Employed,N
9881,0,229,1,Employed,N
7950,4933,124,0,Unemployed,N
7916,2174,64,0,Unemployed,N
7549,0,217,1,Unemployed,N
3458,0,197,1,Employed,N
6563,0,177,0,Unemployed,N
8159,0,96,1,Unemployed,N
8858,0,230,1,Self-Employed,N
7615,0,88,0,Unemployed,N
3287,0,183,0,Unemployed,N
3954,0,147,1,Self-Employed,N
4097,641,121,1,Unemployed,N
7161,0,133,0,Employed,N
1923,4865,151,0,Self-Employed,N
3467,0,159,0,Unemployed,N
6894,2831,222,0,Self-Employed,N
8730,3310,168,0,Unemployed,N
4490,4993,215,0,Employed,N
4223,3012,58,1,Employed,N
3262,0,127,1,Employed,N
7327,567,57,1,Employed,N
9304,4508,176,0,Unemployed,N
8683,3024,162,1,Self-Employed,N
6654,1278,99,0,Unemployed,N
2160,1848,69,0,Unemployed,N
9351,0,238,0,Unemployed,N
6077,1227,114,1,Employed,N
1842,1947,231,1,Self-Employed,N
2026,0,75,1,Employed,N
1905,2073,206,0,Unemployed,N
2978,2895,53,1,Employed,N
1693,2507,140,0,Employed,N
5505,0,194,0,Self-Employed,N
5878,3951,242,0,Employed,N
4300,0,225,0,Employed,N
8296,2596,162,1,Unemployed,N
6487,0,226,1,Self-Employed,N
6982,0,58,1,Employed,N
6412,0,100,0,Unemployed,N
1682,0,190,1,Unemployed,N
3017,0,95,0,Employed,N
9710,3903,249,0,Employed,N
8088,0,94,1,Unemployed,N
2487,0,57,0,Unemployed,N
9865,0,224,0,Employed,N
7306,2375,195,1,Self-Employed,N
5244,3186,131,0,Unemployed,N
3274,2959,133,0,Employed,N
1831,0,192,0,Unemployed,N
7389,0,243,0,Unemployed,N
6158,0,170,0,Unemployed,N
4655,0,166,1,Employed,N
1886,3921,51,0,Employed,N
3966,0,104,0,Unemployed,N
6976,1736,98,0,Unemployed,N
8564,0,87,1,Employed,N
2630,0,168,0,Employed,N
4759,3935,81,0,Unemployed,N
4743,0,153,0,Self-Employed,N
2641,2135,210,1,Unemployed,N
4861,0,245,0,Employed,N
4106,0,206,1,Self-Employed,N
3511,0,175,0,Employed,N
3329,0,185,1,Self-Employed,N
2554,2400,118,1,Unemployed,N
7718,1678,156,1,Unemployed,N
3809,0,79,1,Employed,N
3669,0,219,1,Employed,N
8289,1285,162,0,Employed,N
5654,0,71,1,Employed,N
4736,0,211,0,Self-Employed,N
6416,0,180,1,Self-Employed,N
2939,0,134,1,Unemployed,N
9991,0,117,0,Employed,N
3127,0,190,0,Self-Employed,N
8152,3670,131,1,Self-Employed,N
8405,0,134,1,Employed,N
4160,2711,196,0,Unemployed,N
2640,766,222,0,Self-Employed,N
8038,2010,54,0,Employed,N
2057,0,203,1,Self-Employed,N
8666,0,239,1,Unemployed,N
5994,0,241,0,Unemployed,N
5325,0,230,1,Unemployed,N
6199,0,53,0,Employed,N
5758,0,122,1,Employed,N
9516,0,145,1,Unemployed,N
9242,0,62,0,Self-Employed,N
3224,0,163,1,Self-Employed,N
4920,4406,187,1,Self-Employed,N
1776,2499,243,0,Unemployed,N
2195,0,96,0,Unemployed,N
9037,2811,162,1,Unemployed,N
2588,0,86,0,Unemployed,N
7168,4736,185,0,Employed,N
9948,0,243,0,Unemployed,N
6397,0,151,0,Unemployed,N
5155,1409,222,1,Self-Employed,N
3592,0,172,1,Self-Employed,N
7276,2922,173,1,Self-Employed,N
8855,0,233,0,Unemployed,N
4055,0,185,0,Self-Employed,N
6227,0,76,1,Employed,N
8898,0,114,0,Employed,N
7289,0,70,0,Employed,N
8980,1804,80,0,Unemployed,N
8690,2089,197,1,Self-Employed,N
8055,0,201,0,Self-Employed,N
8346,0,108,0,Self-Employed,N
7546,4545,131,1,Self-Employed,N
8516,1764,142,1,Self-Employed,N
4667,4297,136,1,Self-Employed,N
7556,0,221,0,Employed,N
9318,0,196,0,Unemployed,N
7293,0,132,0,Self-Employed,N
7591,0,235,0,Self-Employed,N
3448,0,169,0,Self-Employed,N
7818,0,198,0,Employed,N
5107,0,245,0,Employed,N
7332,1816,194,0,Self-Employed,N
6923,3087,90,0,Unemployed,N
3019,726,154,1,Unemployed,N
5572,0,190,1,Unemployed,N
5924,0,103,1,Self-Employed,N
3516,0,136,0,Employed,N
9853,4476,57,0,Self-Employed,N
8670,0,77,1,Self-Employed,N
2961,0,62,0,Employed,N
5713,2601,102,1,Unemployed,N
3600,4157,62,0,Self-Employed,N
3315,4341,130,1,Self-Employed,N
2174,0,151,0,Self-Employed,N
6479,0,171,1,Self-Employed,N
5423,4714,65,0,Employed,N
4245,4366,230,1,Unemployed,N
3722,3292,214,1,Unemployed,N
5563,0,82,0,Self-Employed,N
4066,0,175,1,Unemployed,N
8016,0,160,0,Employed,N
3707,4926,249,0,Self-Employed,N
9886,0,206,1,Self-Employed,N
4776,1602,221,1,Self-Employed,N
6723,0,182,1,Self-Employed,N
8183,0,66,0,Self-Employed,N
9159,3770,234,1,Employed,N
8968,0,249,1,Unemployed,N
8506,0,114,0,Unemployed,N
8207,3673,231,1,Employed,N
4106,0,223,1,Self-Employed,N
9263,2795,210,1,Self-Employed,N
3446,0,110,1,Employed,N
9057,4145,239,1,Self-Employed,N
3432,3794,52,1,Self-Employed,N
2616,3067,157,0,Employed,N
7974,2880,60,0,Self-Employed,N
4243,0,125,0,Employed,N
8686,1369,203,1,Unemployed,N
5142,0,156,0,Employed,N
4395,0,57,0,Self-Employed,N
9699,3025,143,0,Unemployed,N
6658,4782,137,1,Self-Employed,N
7736,585,186,0,Self-Employed,N
5119,2136,205,1,Unemployed,N
9648,2717,153,1,Unemployed,N
7222,0,204,0,Employed,N
9118,0,222,1,Employed,N
9427,0,83,0,Employed,N
5243,0,120,0,Unemployed,N
3951,1128,212,0,Employed,N
5174,4429,66,1,Employed,N
9807,0,140,1,Employed,N
3661,0,197,1,Unemployed,N
5286,0,182,1,Employed,N
7020,2901,218,0,Employed,N
8923,0,198,0,Self-Employed,N
2632,0,96,0,Unemployed,N
7797,0,155,1,Unemployed,N
4680,4816,90,1,Unemployed,N
2114,3471,117,1,Unemployed,N
3968,1890,76,1,Unemployed,N
5107,3083,53,0,Self-Employed,N
9620,0,230,1,Unemployed,N
2080,0,111,0,Employed,N
5332,1199,119,0,Employed,N
8034,0,52,1,Unemployed,N
7434,2487,125,1,Unemployed,N
4740,0,136,1,Self-Employed,N
4249,0,228,1,Employed,N
6091,0,167,1,Unemployed,N
6641,4808,198,1,Employed,N
9963,0,80,1,Self-Employed,N
6038,0,188,1,Self-Employed,N
4332,4407,229,0,Employed,N
7254,0,151,0,Employed,N
6810,0,85,0,Employed,N
8861,0,145,0,Unemployed,N
8865,0,200,1,Unemployed,N
2008,0,130,1,Unemployed,N
2180,0,190,1,Self-Employed,N
2863,0,52,0,Unemployed,N
3403,0,232,1,Employed,N
8606,0,149,1,Self-Employed,N
6446,542,212,1,Self-Employed,N
2793,0,132,1,Employed,N
2492,0,242,0,Unemployed,N
1889,0,113,1,Unemployed,N
4263,0,92,1,Employed,N
5231,951,200,1,Self-Employed,N
2382,0,121,0,Self-Employed,N
9451,0,228,1,Employed,N
1612,0,124,0,Unemployed,N
1639,1924,146,0,Employed,N
7543,0,82,1,Self-Employed,N
5451,0,246,0,Self-Employed,N
4106,0,190,1,Self-Employed,N
3938,4810,196,1,Self-Employed,N
9144,0,106,1,Self-Employed,N
7193,0,115,1,Self-Employed,N
3488,4045,218,0,Unemployed,N
7308,0,180,1,Self-Employed,N
9899,3133,71,1,Unemployed,N
3018,3100,197,1,Unemployed,N
5054,2914,207,0,Self-Employed,N
3242,1806,122,0,Self-Employed,N
5695,3055,206,1,Employed,N
4142,0,59,0,Unemployed,N
6257,3494,198,0,Self-Employed,N
3961,0,77,0,Employed,N
5896,0,98,0,Unemployed,N
3420,0,95,1,Self-Employed,N
9867,3204,163,0,Self-Employed,N
4990,0,134,0,Employed,N
5176,0,204,1,Unemployed,N
2359,0,170,0,Self-Employed,N
5517,0,217,0,Employed,N
9842,1634,229,0,Unemployed,N
7636,0,225,1,Unemployed,N
9752,3510,107,0,Unemployed,N
3051,4933,97,0,Self-Employed,N
2861,0,68,1,Unemployed,N
3493,0,169,0,Self-Employed,N
2190,993,122,0,Self-Employed,N
9286,0,237,1,Employed,N
6244,2373,236,0,Self-Employed,N
5141,0,237,1,Self-Employed,N
2179,2967,156,0,Unemployed,N
9197,562,188,1,Employed,N
8415,0,110,0,Self-Employed,N
9503,0,104,0,Self-Employed,N
9812,2137,134,1,Employed,N
2144,2532,141,0,Self-Employed,N
4168,1302,118,0,Unemployed,N
6341,0,70,0,Unemployed,N
5427,0,145,0,Self-Employed,N
7621,1700,107,0,Employed,N
8524,0,186,1,Unemployed,N
4094,0,167,0,Self-Employed,N
1586,3012,244,1,Employed,N
4273,0,214,0,Employed,N
8315,4129,161,0,Employed,N
7020,3818,134,1,Employed,N
6257,4884,175,0,Self-Employed,N
8617,0,164,1,Self-Employed,N
8678,0,96,1,Unemployed,N
1646,4482,205,1,Unemployed,N
7128,0,82,1,Employed,N
1518,2742,217,0,Self-Employed,N
3448,1445,190,1,Employed,N
5688,0,97,0,Employed,N
6427,0,88,1,Self-Employed,N
7660,0,118,1,Employed,N
6626,0,102,0,Employed,N
5145,0,180,0,Employed,N
5200,2963,173,1,Employed,N
5393,1596,105,0,Employed,N
2004,2121,218,0,Unemployed,N
8273,0,206,0,Unemployed,N
6557,0,64,0,Unemployed,N
5264,3489,106,1,Self-Employed,N
4107,693,185,1,Self-Employed,N
4263,0,153,1,Unemployed,N
6280,4677,126,0,Self-Employed,N
3882,1031,172,1,Employed,N
1502,705,89,0,Unemployed,N
7126,3390,156,1,Unemployed,N
4806,1397,98,0,Unemployed,N
8791,0,97,0,Employed,N
1749,2392,222,1,Unemployed,N
5292,0,241,1,Employed,N
4118,0,176,1,Self-Employed,N
4472,0,193,0,Unemployed,N
3312,1303,111,1,Self-Employed,N
5016,0,103,1,Unemployed,N
7444,1454,143,1,Self-Employed,N
4778,3140,51,1,Unemployed,N
2357,883,87,0,Unemployed,N
5790,0,110,0,Self-Employed,N
7611,0,171,1,Employed,N
2422,0,71,1,Unemployed,N
2730,2935,72,0,Self-Employed,N
5440,0,77,1,Employed,N
5248,3081,174,0,Unemployed,N
7210,2040,169,1,Self-Employed,N
5259,0,105,1,Unemployed,N
9592,0,195,1,Unemployed,N
2705,4339,225,0,Unemployed,N
2456,1614,110,1,Unemployed,N
5960,0,193,0,Employed,N
4350,0,198,0,Self-Employed,N
8144,3350,215,0,Self-Employed,N
2419,0,149,1,Unemployed,N
5339,1758,148,0,Employed,N
1567,0,176,0,Unemployed,N
5021,0,202,1,Unemployed,N
7539,1150,232,1,Employed,N
4762,0,100,0,Self-Employed,N
6732,2717,215,0,Self-Employed,N
5883,0,195,0,Unemployed,N
8337,0,221,0,Unemployed,N
2948,0,138,0,Self-Employed,N
4005,0,114,1,Unemployed,N
8927,2178,199,1,Self-Employed,N
8586,4688,191,1,Self-Employed,N
2635,0,108,0,Unemployed,N
6375,1819,69,1,Self-Employed,N
4190,3755,143,0,Employed,N
3357,0,115,1,Self-Employed,N
9635,3423,92,1,Employed,N
8629,2887,232,1,Self-Employed,N
7366,3066,94,0,Unemployed,N
6547,0,230,0,Unemployed,N
3759,2328,168,0,Unemployed,N
5305,4356,91,1,Employed,N
7534,2046,227,0,Self-Employed,N
5645,3275,209,1,Unemployed,N
8128,0,86,1,Employed,N
6915,4831,200,1,Unemployed,N
9801,691,142,1,Self-Employed,N
5634,0,213,0,Employed,N
5631,2648,135,1,Unemployed,N
6957,0,137,0,Unemployed,N
9042,4606,95,1,Self-Employed,N
2789,1947,201,0,Self-Employed,N
6962,0,106,0,Self-Employed,N
7824,0,71,0,Employed,N
2187,0,217,0,Unemployed,N
3653,0,112,0,Unemployed,N
9192,3396,186,1,Self-Employed,N
8624,1344,240,1,Self-Employed,N
2734,726,67,1,Unemployed,N
1686,3377,190,0,Employed,N
3532,1752,126,0,Self-Employed,N
1769,2130,181,1,Unemployed,N
3195,3758,240,1,Employed,N
7070,0,199,1,Employed,N
8355,2794,111,0,Self-Employed,N
5982,1198,226,0,Unemployed,N
1848,4408,101,0,Unemployed,N
6320,3309,176,1,Employed,N
4485,775,130,1,Employed,N
5468,0,66,1,Self-Employed,N
6947,0,223,1,Unemployed,N
2634,0,216,0,Employed,N
9847,2224,168,1,Self-Employed,N
2221,1412,152,0,Self-Employed,N
3256,1617,62,0,Employed,N
3147,0,165,0,Employed,N
4261,0,102,0,Self-Employed,N
6012,2348,186,1,Unemployed,N
4572,0,124,1,Employed,N
5371,2306,234,1,Unemployed,N
4803,3613,164,0,Unemployed,N
9350,2004,134,1,Unemployed,N
5985,4937,151,0,Employed,N
1691,998,249,0,Employed,N
5822,2686,98,0,Unemployed,N
3374,1370,66,1,Unemployed,N
2551,4533,168,0,Unemployed,N
8911,4297,226,0,Self-Employed,N
1807,0,154,1,Unemployed,N
3017,1878,153,1,Unemployed,N
6391,2461,97,1,Employed,N
8103,4505,204,0,Unemployed,N
1683,3858,168,1,Employed,N
9178,1773,167,1,Employed,N
9502,0,244,1,Unemployed,N
1770,1686,154,0,Self-Employed,N
7805,2898,133,1,Unemployed,N
8799,4682,232,1,Employed,N
5172,2101,180,1,Employed,N
7052,1127,239,0,Employed,N
3841,3714,159,1,Unemployed,N
8692,0,171,0,Self-Employed,N
4172,0,245,0,Self-Employed,N
5559,3273,200,1,Unemployed,N
8909,0,229,0,Unemployed,N
5798,0,171,0,Employed,N
1810,1760,142,0,Employed,N
9116,859,100,1,Unemployed,N
3511,4506,172,1,Unemployed,N
8536,1231,143,0,Unemployed,N
5306,0,211,0,Unemployed,N
3087,0,232,1,Employed,N
3932,0,240,1,Self-Employed,N
2949,1732,215,0,Employed,N
8345,0,66,1,Self-Employed,N
1665,0,55,0,Self-Employed,N
9193,1762,238,0,Self-Employed,N
5080,0,208,0,Unemployed,N
9484,0,211,1,Unemployed,N
2485,4103,247,0,Self-Employed,N
7789,0,63,1,Employed,N
9066,0,212,0,Unemployed,N
3439,0,209,1,Employed,N
8024,0,156,1,Employed,N
3902,3712,107,1,Self-Employed,N
3456,4407,236,1,Self-Employed,N
6024,1807,243,0,Unemployed,N
2257,4731,64,0,Unemployed,N
5058,2080,57,0,Unemployed,N
5698,0,106,1,Unemployed,N
4345,1981,195,1,Employed,N
1922,0,175,0,Unemployed,N
9569,2475,157,1,Employed,N
3553,787,195,0,Self-Employed,N
2107,2264,55,1,Unemployed,N
4677,0,194,1,Unemployed,N
2308,0,209,1,Self-Employed,N
9201,1716,199,1,Unemployed,N
2472,3310,52,0,Unemployed,N
1724,0,132,0,Unemployed,N
4431,0,205,1,Employed,N
8915,0,74,1,Self-Employed,N
5061,1516,107,1,Unemployed,N
8282,0,127,0,Self-Employed,N
7078,0,222,0,Unemployed,N
5292,3441,51,1,Employed,N
7697,0,65,0,Unemployed,N
3053,0,139,1,Self-Employed,N
6086,0,97,1,Employed,N
7377,0,121,0,Unemployed,N
3402,0,173,1,Employed,N
3289,0,112,0,Employed,N
5971,0,57,0,Self-Employed,N
6315,3351,167,0,Unemployed,N
8043,0,229,1,Employed,N
8440,0,224,1,Unemployed,N
6213,3592,214,0,Unemployed,N
9976,1687,199,1,Self-Employed,N
8608,1449,79,0,Unemployed,N
6066,0,220,1,Self-Employed,N
7864,3081,229,0,Employed,N
9410,0,197,0,Self-Employed,N
3373,4088,136,1,Unemployed,N
5248,777,117,0,Self-Employed,N
7429,2682,196,1,Self-Employed,N
6808,0,144,0,Self-Employed,N
5782,2407,179,1,Employed,N
7483,643,95,0,Employed,N
2426,3678,178,0,Unemployed,N
4898,4450,189,0,Employed,N
8892,4542,114,0,Employed,N
8261,0,203,0,Self-Employed,N
8998,0,76,0,Self-Employed,N
4509,2577,215,1,Employed,N
6373,943,89,0,Employed,N
2515,1884,91,0,Employed,N
2769,1760,234,1,Self-Employed,N
7172,4931,209,1,Employed,N
7655,0,59,1,Employed,N
5309,4655,114,0,Self-Employed,N
2909,0,127,1,Employed,N
3672,0,187,1,Self-Employed,N
9325,2251,211,1,Self-Employed,N
5927,0,213,1,Self-Employed,N
6035,3276,210,0,Self-Employed,N
9886,1162,158,0,Unemployed,N
6560,3208,247,1,Employed,N
8648,0,248,1,Unemployed,N
7175,0,103,0,Self-Employed,N
9440,0,165,0,Unemployed,N
3753,0,80,0,Employed,N
6071,4678,231,1,Unemployed,N
2435,0,84,0,Employed,N
1825,0,144,1,Self-Employed,N
